{"cameraMode":{"drawMode":0,"name":"Shaded","section":"Shading Mode"},"sceneLighting":true,"audioPlay":false,"sceneViewState":{"showFog":true,"showMaterialUpdate":false,"showSkybox":true,"showFlares":true,"showImageEffects":true,"showParticleSystems":true},"in2DMode":false,"pivot":{"x":47.93421173095703,"y":185.70150756835938,"z":390.4901428222656},"rotation":{"x":-0.3443279266357422,"y":0.14202110469341279,"z":-0.052778951823711398,"w":-0.9265435934066773},"size":139.0253448486328,"orthographic":false}